Source Link,Date,Quote
https://en.m.wikiquote.org/wiki/Poor_Richard%27s_Almanack,1733,"Light purse, heavy heart."
https://en.m.wikiquote.org/wiki/Poor_Richard%27s_Almanack,1733,He's a Fool that makes his Doctor his Heir.
https://en.m.wikiquote.org/wiki/Poor_Richard%27s_Almanack,1733,"He's gone, and forgot nothing but to say Farewel– to his creditors."
https://en.m.wikiquote.org/wiki/Poor_Richard%27s_Almanack,1733,Hunger never saw bad bread.
https://en.m.wikiquote.org/wiki/Poor_Richard%27s_Almanack,1733,"Great Talkers, little Doers."
https://en.m.wikiquote.org/wiki/Poor_Richard%27s_Almanack,1733,Fools make feasts and wise men eat 'em.
https://en.m.wikiquote.org/wiki/Poor_Richard%27s_Almanack,1733,"The poor have little, beggars none, the rich too much, enough not one."
https://en.m.wikiquote.org/wiki/Poor_Richard%27s_Almanack,1733,"Eat to live, and not live to eat."
https://en.m.wikiquote.org/wiki/Poor_Richard%27s_Almanack,1733,"After three days men grow weary, of a wench, a guest, and weather rainy."
https://en.m.wikiquote.org/wiki/Poor_Richard%27s_Almanack,1733,"The proof of gold is fire, the proof of woman, gold; the proof of man, a woman."
https://en.m.wikiquote.org/wiki/Poor_Richard%27s_Almanack,1733,"He that lies down with Dogs, shall rise up with fleas."
https://en.m.wikiquote.org/wiki/Poor_Richard%27s_Almanack,1733,Distrust & caution are the parents of security.
https://en.m.wikiquote.org/wiki/Poor_Richard%27s_Almanack,1733,"He is ill cloth'd, who is bare of Virtue."
https://en.m.wikiquote.org/wiki/Poor_Richard%27s_Almanack,1733,"Nothing more like a Fool, than a drunken Man."
https://en.m.wikiquote.org/wiki/Poor_Richard%27s_Almanack,1733,Innocence is its own Defence.
https://en.m.wikiquote.org/wiki/Poor_Richard%27s_Almanack,1734,"You cannot pluck roses without fear of thorns, Nor enjoy fair wife without danger of horns."
https://en.m.wikiquote.org/wiki/Poor_Richard%27s_Almanack,1734,"Without justice, courage is weak."
https://en.m.wikiquote.org/wiki/Poor_Richard%27s_Almanack,1734,"Would you live with ease, Do what you ought, not what you please."
https://en.m.wikiquote.org/wiki/Poor_Richard%27s_Almanack,1734,Blame-all and Praise-all are two blockheads.
https://en.m.wikiquote.org/wiki/Poor_Richard%27s_Almanack,1734,"Take this remark from Richard poor and lame, Whate'er's begun in anger ends in shame."
https://en.m.wikiquote.org/wiki/Poor_Richard%27s_Almanack,1734,"What one relishes, nourishes."
https://en.m.wikiquote.org/wiki/Poor_Richard%27s_Almanack,1734,"No man e'er was glorious, who was not laborious."
https://en.m.wikiquote.org/wiki/Poor_Richard%27s_Almanack,1734,"All things are easy to Industry, All things difficult to Sloth."
https://en.m.wikiquote.org/wiki/Poor_Richard%27s_Almanack,1734,"If you ride a Horse, sit close and tight, If you ride a Man, sit easy and light."
https://en.m.wikiquote.org/wiki/Poor_Richard%27s_Almanack,1734,Don't think to hunt two hares with one dog.
https://en.m.wikiquote.org/wiki/Poor_Richard%27s_Almanack,1734,Fools multiply folly.
https://en.m.wikiquote.org/wiki/Poor_Richard%27s_Almanack,1734,Beauty & Folly are old companions.
https://en.m.wikiquote.org/wiki/Poor_Richard%27s_Almanack,1734,Better slip with foot than tongue.
https://en.m.wikiquote.org/wiki/Poor_Richard%27s_Almanack,1734,"Hope of gain, lessens pain."
https://en.m.wikiquote.org/wiki/Poor_Richard%27s_Almanack,1734,"Wedlock, as old Men note, hath likened been, Unto a publick Crowd or common Rout; Where those that are without would fain get in, And those that are within would fain get out. Grief often treads upon the Heels of Pleasure, Marry’d in Haste, we oft repent at Leisure; Some by Experience find these Words misplac’d, Marry’d at Leisure, they repent in Haste."
https://en.m.wikiquote.org/wiki/Poor_Richard%27s_Almanack,1734,"Where there's Marriage without Love, there will be Love without Marriage."
https://en.m.wikiquote.org/wiki/Poor_Richard%27s_Almanack,1734,"Be neither silly, nor cunning, but wise."
https://en.m.wikiquote.org/wiki/Poor_Richard%27s_Almanack,1734,Neither a Fortress nor a Maidenhead will hold out long after they begin to parly.
https://en.m.wikiquote.org/wiki/Poor_Richard%27s_Almanack,1734,"Who pleasure gives, Shall joy receive."
https://en.m.wikiquote.org/wiki/Poor_Richard%27s_Almanack,1734,"All things are cheap to the saving, dear to the wasteful."
https://en.m.wikiquote.org/wiki/Poor_Richard%27s_Almanack,1734,"Would you persuade, speak of Interest, not of Reason."
https://en.m.wikiquote.org/wiki/Poor_Richard%27s_Almanack,1734,Happy's the Wooing that's not long a doing.
https://en.m.wikiquote.org/wiki/Poor_Richard%27s_Almanack,1734,"Jack Little sow'd little, & little he'll reap."
https://en.m.wikiquote.org/wiki/Poor_Richard%27s_Almanack,1734,"Do good to thy Friend to keep him, to thy enemy to gain him."
https://en.m.wikiquote.org/wiki/Poor_Richard%27s_Almanack,1734,"A good Man is seldom uneasy, an ill one never easie."
https://en.m.wikiquote.org/wiki/Poor_Richard%27s_Almanack,1734,"Teach your child to hold his tongue, he'll learn fast enough to speak."
https://en.m.wikiquote.org/wiki/Poor_Richard%27s_Almanack,1734,"Don't value a man for the Quality he is of, but for the Qualities he possesses."
https://en.m.wikiquote.org/wiki/Poor_Richard%27s_Almanack,1734,"As Charms are nonsense, Nonsense is a Charm."
https://en.m.wikiquote.org/wiki/Poor_Richard%27s_Almanack,1734,"He that cannot obey, cannot command."
https://en.m.wikiquote.org/wiki/Poor_Richard%27s_Almanack,1734,An innocent Plowman is more worthy than a vicious Prince.
https://en.m.wikiquote.org/wiki/Poor_Richard%27s_Almanack,1734,"He that is rich need not live sparingly, and he that can live sparingly need not be rich."
https://en.m.wikiquote.org/wiki/Poor_Richard%27s_Almanack,1734,"If you wou'd be reveng'd of your enemy, govern your self."
https://en.m.wikiquote.org/wiki/Poor_Richard%27s_Almanack,1734,A wicked Hero will turn his back to an innocent coward.
https://en.m.wikiquote.org/wiki/Poor_Richard%27s_Almanack,1734,"Laws like to Cobwebs catch small Flies, Great one break thro' before your eyes."
https://en.m.wikiquote.org/wiki/Poor_Richard%27s_Almanack,1734,An Egg to day is better than a Hen to-morrow.
https://en.m.wikiquote.org/wiki/Poor_Richard%27s_Almanack,1734,"Drink Water, Put the Money in your Pocket, and leave the Dry-bellyach in the Punchbowl."
https://en.m.wikiquote.org/wiki/Poor_Richard%27s_Almanack,1734,When 'tis fair be sure to take your Great coat with you.
https://en.m.wikiquote.org/wiki/Poor_Richard%27s_Almanack,1734,"He does not possess Wealth, it possesses him."
https://en.m.wikiquote.org/wiki/Poor_Richard%27s_Almanack,1734,Necessity has no Law; I know some Attorneys of the name.
https://en.m.wikiquote.org/wiki/Poor_Richard%27s_Almanack,1734,"Onions can make, ev'n Heirs and Widows weep."
https://en.m.wikiquote.org/wiki/Poor_Richard%27s_Almanack,1734,"Strange, that he who lives by Shifts, can seldom shift himself."
https://en.m.wikiquote.org/wiki/Poor_Richard%27s_Almanack,1734,"As sore places meet most rubs, proud folks meet most affronts."
https://en.m.wikiquote.org/wiki/Poor_Richard%27s_Almanack,1734,"The thrifty maxim of the wary Dutch, is to save all the Money they can touch."
https://en.m.wikiquote.org/wiki/Poor_Richard%27s_Almanack,1734,"He that waits upon Fortune, is never sure of a Dinner."
https://en.m.wikiquote.org/wiki/Poor_Richard%27s_Almanack,1734,A learned blockhead is a greater blockhead than an ignorant one.
https://en.m.wikiquote.org/wiki/Poor_Richard%27s_Almanack,1734,"Marry your Son when you will, but your Daughter when you can."
https://en.m.wikiquote.org/wiki/Poor_Richard%27s_Almanack,1734,"Avarice and Happiness never saw each other, how then shou'd they become acquainted."
https://en.m.wikiquote.org/wiki/Poor_Richard%27s_Almanack,1734,"If you woul'd have Guests merry with your cheer, Be so your self, or so at least appear."
https://en.m.wikiquote.org/wiki/Poor_Richard%27s_Almanack,1734,"Reader, farewel, all Happiness attend thee: May each New Year better and richer find thee."
https://en.m.wikiquote.org/wiki/Poor_Richard%27s_Almanack,1735,"Bad Commentators spoil the best of books, So God sends meat (they say) the devil Cooks."
https://en.m.wikiquote.org/wiki/Poor_Richard%27s_Almanack,1735,Approve not of him who commends all you say.
https://en.m.wikiquote.org/wiki/Poor_Richard%27s_Almanack,1735,"By diligence and patience, the mouse bit in two the cable."
https://en.m.wikiquote.org/wiki/Poor_Richard%27s_Almanack,1735,"Full of courtesie, full of craft."
https://en.m.wikiquote.org/wiki/Poor_Richard%27s_Almanack,1735,"Look before, or you'll find yourself behind."
https://en.m.wikiquote.org/wiki/Poor_Richard%27s_Almanack,1735,"A little House well fill'd, a little Field well till'd, and a little Wife well will'd, are great Riches."
https://en.m.wikiquote.org/wiki/Poor_Richard%27s_Almanack,1735,"The poor man must walk to get meat for his stomach, the rich man to get a stomach to his meat."
https://en.m.wikiquote.org/wiki/Poor_Richard%27s_Almanack,1735,Eyes and Priests Bear no Jests.
https://en.m.wikiquote.org/wiki/Poor_Richard%27s_Almanack,1735,The Family of Fools is ancient.
https://en.m.wikiquote.org/wiki/Poor_Richard%27s_Almanack,1735,Necessity never made a good bargain.
https://en.m.wikiquote.org/wiki/Poor_Richard%27s_Almanack,1735,"If Pride leads the Van, Beggary brings up the Rear."
https://en.m.wikiquote.org/wiki/Poor_Richard%27s_Almanack,1735,There's many witty men whose brains can't fill their bellies.
https://en.m.wikiquote.org/wiki/Poor_Richard%27s_Almanack,1735,Weighty Questions ask for deliberate Answers.
https://en.m.wikiquote.org/wiki/Poor_Richard%27s_Almanack,1735,"Be slow in chusing a Friend, slower in changing."
https://en.m.wikiquote.org/wiki/Poor_Richard%27s_Almanack,1735,"Pain wastes the Body, Pleasures the Understanding."
https://en.m.wikiquote.org/wiki/Poor_Richard%27s_Almanack,1735,"The cunning man steals a horse, the wise man lets him alone."
https://en.m.wikiquote.org/wiki/Poor_Richard%27s_Almanack,1735,"Keep thy shop, & thy shop will keep thee."
https://en.m.wikiquote.org/wiki/Poor_Richard%27s_Almanack,1735,"The King's cheese is half wasted in parings; but no matter, 'tis made of the peoples milk."
https://en.m.wikiquote.org/wiki/Poor_Richard%27s_Almanack,1735,"Nothing but Money, Is Sweeter than Honey."
https://en.m.wikiquote.org/wiki/Poor_Richard%27s_Almanack,1735,Humility makes great men twice honourable.
https://en.m.wikiquote.org/wiki/Poor_Richard%27s_Almanack,1735,"Of learned Fools I have seen ten times ten, Of unlearned wise men I have seen a hundred."
https://en.m.wikiquote.org/wiki/Poor_Richard%27s_Almanack,1735,"Three may keep a Secret, if two of them are dead."
https://en.m.wikiquote.org/wiki/Poor_Richard%27s_Almanack,1735,"Poverty wants some things, Luxury many things, Avarice all things."
https://en.m.wikiquote.org/wiki/Poor_Richard%27s_Almanack,1735,"A lie stands on 1 leg, the Truth on 2."
https://en.m.wikiquote.org/wiki/Poor_Richard%27s_Almanack,1735,"What's given shines, What's receiv'd is rusty."
https://en.m.wikiquote.org/wiki/Poor_Richard%27s_Almanack,1735,Sloth and Silence are a Fool's Virtues.
https://en.m.wikiquote.org/wiki/Poor_Richard%27s_Almanack,1735,"There's small Revenge in Words, but Words may be greatly revenged."
https://en.m.wikiquote.org/wiki/Poor_Richard%27s_Almanack,1735,A man is never so ridiculous by those Qualities that are his own as by those that he affects to have.
https://en.m.wikiquote.org/wiki/Poor_Richard%27s_Almanack,1735,Deny Self for Self's sake.
https://en.m.wikiquote.org/wiki/Poor_Richard%27s_Almanack,1735,"Ever since Follies have pleas'd, Fools have been able to divert."
https://en.m.wikiquote.org/wiki/Poor_Richard%27s_Almanack,1735,It is better to take many Injuries than to give one.
https://en.m.wikiquote.org/wiki/Poor_Richard%27s_Almanack,1735,Opportunity is the great Bawd.
https://en.m.wikiquote.org/wiki/Poor_Richard%27s_Almanack,1735,"Early to bed and early to rise, makes a man healthy, wealthy and wise."
https://en.m.wikiquote.org/wiki/Poor_Richard%27s_Almanack,1735,"To be humble to Superiors is Duty, to Equals Courtesy, to Inferiors Nobleness."
https://en.m.wikiquote.org/wiki/Poor_Richard%27s_Almanack,1735,"Here comes the Orator! with his Flood of Words, and his Drop of Reason."
https://en.m.wikiquote.org/wiki/Poor_Richard%27s_Almanack,1735,"If what most men admire, they would despise, 'Twould look as if mankind were growing wise."
https://en.m.wikiquote.org/wiki/Poor_Richard%27s_Almanack,1735,"The Sun never repents of the good he does, nor does he ever demand a recompence."
https://en.m.wikiquote.org/wiki/Poor_Richard%27s_Almanack,1735,"An old young man, will be a young old man."
https://en.m.wikiquote.org/wiki/Poor_Richard%27s_Almanack,1735,"Some are weatherwise, some are otherwise."
https://en.m.wikiquote.org/wiki/Poor_Richard%27s_Almanack,1735,Are you angry that others disappoint you? remember you cannot depend upon yourself.
https://en.m.wikiquote.org/wiki/Poor_Richard%27s_Almanack,1735,"One Mend-fault is worth two Findfaults, but one Findfault is better than two Makefaults."
https://en.m.wikiquote.org/wiki/Poor_Richard%27s_Almanack,1736,"He is no clown that drives the plow, but he that doth clownish things."
https://en.m.wikiquote.org/wiki/Poor_Richard%27s_Almanack,1736,"If you know how to spend less than you get, you have the Philosophers-Stone."
https://en.m.wikiquote.org/wiki/Poor_Richard%27s_Almanack,1736,The good Paymaster is Lord of another man's Purse.
https://en.m.wikiquote.org/wiki/Poor_Richard%27s_Almanack,1736,Fish & Visitors stink in 3 days.
https://en.m.wikiquote.org/wiki/Poor_Richard%27s_Almanack,1736,Diligence is the mother of Good-Luck.
https://en.m.wikiquote.org/wiki/Poor_Richard%27s_Almanack,1736,"He that lives upon Hope, dies fasting."
https://en.m.wikiquote.org/wiki/Poor_Richard%27s_Almanack,1736,Do not do what you would not have known.
https://en.m.wikiquote.org/wiki/Poor_Richard%27s_Almanack,1736,"Never praise your Cyder, Horse, or Bedfellow."
https://en.m.wikiquote.org/wiki/Poor_Richard%27s_Almanack,1736,"Wealth is not his that has it, but his that enjoys it."
https://en.m.wikiquote.org/wiki/Poor_Richard%27s_Almanack,1736,"Tis easy to see, hard to foresee."
https://en.m.wikiquote.org/wiki/Poor_Richard%27s_Almanack,1736,"In a discreet man's mouth, a publick thing is private."
https://en.m.wikiquote.org/wiki/Poor_Richard%27s_Almanack,1736,"Let thy maidservant be faithful, strong, and homely."
https://en.m.wikiquote.org/wiki/Poor_Richard%27s_Almanack,1736,"Keep flax from fire, and youth from gaming."
https://en.m.wikiquote.org/wiki/Poor_Richard%27s_Almanack,1736,Bargaining has neither friends nor relations.
https://en.m.wikiquote.org/wiki/Poor_Richard%27s_Almanack,1736,Admiration is the Daughter of Ignorance.
https://en.m.wikiquote.org/wiki/Poor_Richard%27s_Almanack,1736,There's more old Drunkards than old Doctors.
https://en.m.wikiquote.org/wiki/Poor_Richard%27s_Almanack,1736,"She that paints her face, thinks of her Tail."
https://en.m.wikiquote.org/wiki/Poor_Richard%27s_Almanack,1736,"He that takes a wife, takes care."
https://en.m.wikiquote.org/wiki/Poor_Richard%27s_Almanack,1736,"He that can have Patience, can have what he will."
https://en.m.wikiquote.org/wiki/Poor_Richard%27s_Almanack,1736,God helps them that help themselves.
https://en.m.wikiquote.org/wiki/Poor_Richard%27s_Almanack,1736,Why does the blind man's wife paint herself?
https://en.m.wikiquote.org/wiki/Poor_Richard%27s_Almanack,1736,"None preaches better than the ant, and she says nothing."
https://en.m.wikiquote.org/wiki/Poor_Richard%27s_Almanack,1736,"The absent are never without fault, nor the present without excuse."
https://en.m.wikiquote.org/wiki/Poor_Richard%27s_Almanack,1736,"If wind blows on you thro' a hole, Make your will and take care of your soul."
https://en.m.wikiquote.org/wiki/Poor_Richard%27s_Almanack,1736,The rotten Apple spoils his Companion.
https://en.m.wikiquote.org/wiki/Poor_Richard%27s_Almanack,1736,"Don't throw stones at your neighbours, if your own windows are glass."
https://en.m.wikiquote.org/wiki/Poor_Richard%27s_Almanack,1736,"The excellency of hogs is fatness, of men virtue."
https://en.m.wikiquote.org/wiki/Poor_Richard%27s_Almanack,1736,Good wives and good plantations are made by good husbands.
https://en.m.wikiquote.org/wiki/Poor_Richard%27s_Almanack,1736,"Pox take you, is no curse to some people."
https://en.m.wikiquote.org/wiki/Poor_Richard%27s_Almanack,1736,"He that sells upon trust, loses many friends, and always wants money."
https://en.m.wikiquote.org/wiki/Poor_Richard%27s_Almanack,1736,Gifts burst rocks.
https://en.m.wikiquote.org/wiki/Poor_Richard%27s_Almanack,1736,Force shites upon Reason's Back.
https://en.m.wikiquote.org/wiki/Poor_Richard%27s_Almanack,1736,"Lovers, Travellers, and Poets, will give money to be heard."
https://en.m.wikiquote.org/wiki/Poor_Richard%27s_Almanack,1736,"He that speaks much, is much mistaken."
https://en.m.wikiquote.org/wiki/Poor_Richard%27s_Almanack,1736,Creditors have better memories than debtors.
https://en.m.wikiquote.org/wiki/Poor_Richard%27s_Almanack,1736,"Forwarn'd, forearm'd, unless in the case of Cuckolds, who are often forearm'd before warn'd."
https://en.m.wikiquote.org/wiki/Poor_Richard%27s_Almanack,1736,"Three things are men most liable to be cheated in, a Horse, a Wig, and a Wife."
https://en.m.wikiquote.org/wiki/Poor_Richard%27s_Almanack,1736,"He that lives well, is learned enough."
https://en.m.wikiquote.org/wiki/Poor_Richard%27s_Almanack,1736,"Poverty, Poetry and new Titles of Honour, make Men ridiculous."
https://en.m.wikiquote.org/wiki/Poor_Richard%27s_Almanack,1736,"He that scatters Thorns, let him not go barefoot."
https://en.m.wikiquote.org/wiki/Poor_Richard%27s_Almanack,1736,There's none deceived but he that trusts.
https://en.m.wikiquote.org/wiki/Poor_Richard%27s_Almanack,1736,"God heals, and the Doctor takes the Fees."
https://en.m.wikiquote.org/wiki/Poor_Richard%27s_Almanack,1736,"If you desire many things, many things will seem but a few."
https://en.m.wikiquote.org/wiki/Poor_Richard%27s_Almanack,1736,"Mary's mouth costs her nothing, for she never opens it but at others expense."
https://en.m.wikiquote.org/wiki/Poor_Richard%27s_Almanack,1736,"Receive before you write, but write before you pay."
https://en.m.wikiquote.org/wiki/Poor_Richard%27s_Almanack,1736,"I saw few die of Hunger, of Eating 100000."
https://en.m.wikiquote.org/wiki/Poor_Richard%27s_Almanack,1736,"He that would live in peace & at ease, Must not speak all he knows, nor judge all he sees."
https://en.m.wikiquote.org/wiki/Poor_Richard%27s_Almanack,1737,"The greatest monarch on the proudest throne, is oblig'd to sit upon his own arse."
https://en.m.wikiquote.org/wiki/Poor_Richard%27s_Almanack,1737,"The Master piece of Man, is to live to the purpose."
https://en.m.wikiquote.org/wiki/Poor_Richard%27s_Almanack,1737,"He that steals the old man's supper, do's him no wrong."
https://en.m.wikiquote.org/wiki/Poor_Richard%27s_Almanack,1737,"A countryman between 2 Lawyers, is like a fish between two cats."
https://en.m.wikiquote.org/wiki/Poor_Richard%27s_Almanack,1737,He that can take rest is greater than he that can take cities.
https://en.m.wikiquote.org/wiki/Poor_Richard%27s_Almanack,1737,The miser's cheese is the wholesomest.
https://en.m.wikiquote.org/wiki/Poor_Richard%27s_Almanack,1737,Love & lordship hate companions.
https://en.m.wikiquote.org/wiki/Poor_Richard%27s_Almanack,1737,"The nearest way to come at glory,"
https://en.m.wikiquote.org/wiki/Poor_Richard%27s_Almanack,1737,is to do that for conscience which we do for glory.
https://en.m.wikiquote.org/wiki/Poor_Richard%27s_Almanack,1737,"There is much money given to be laught at, though the purchases don't know it; witness A's fine horse, & B's fine house."
https://en.m.wikiquote.org/wiki/Poor_Richard%27s_Almanack,1737,"He that can compose himself, is wiser than he that composes books."
https://en.m.wikiquote.org/wiki/Poor_Richard%27s_Almanack,1737,"Poor Dick, eats like a well man, and drinks like a sick."
https://en.m.wikiquote.org/wiki/Poor_Richard%27s_Almanack,1737,After crosses and losses men grow humbler and wiser.
https://en.m.wikiquote.org/wiki/Poor_Richard%27s_Almanack,1737,"Love, Cough, & a Smoke, can't be well hid."
https://en.m.wikiquote.org/wiki/Poor_Richard%27s_Almanack,1737,Well done is better than well said.
https://en.m.wikiquote.org/wiki/Poor_Richard%27s_Almanack,1737,"He that can travel well afoot, keeps a good horse."
https://en.m.wikiquote.org/wiki/Poor_Richard%27s_Almanack,1737,"There are no ugly Loves, nor handsome Prisons."
https://en.m.wikiquote.org/wiki/Poor_Richard%27s_Almanack,1737,No better relation than a prudent & faithful Friend.
https://en.m.wikiquote.org/wiki/Poor_Richard%27s_Almanack,1737,"A Traveller should have a hog's nose, deer's legs, and an ass's back."
https://en.m.wikiquote.org/wiki/Poor_Richard%27s_Almanack,1737,At the working man's house hunger looks in but dares not enter.
https://en.m.wikiquote.org/wiki/Poor_Richard%27s_Almanack,1737,A good Lawyer is a bad Neighbour.
https://en.m.wikiquote.org/wiki/Poor_Richard%27s_Almanack,1737,"Certainlie these things agree, the Priest, the Lawyer, & Death all three: Death takes both the weak and the strong. The lawyer takes from both right and wrong, and the priest from the living and the dead has his Fee."
https://en.m.wikiquote.org/wiki/Poor_Richard%27s_Almanack,1737,The worst wheel of the cart makes the most noise.
https://en.m.wikiquote.org/wiki/Poor_Richard%27s_Almanack,1737,Don't misinform your Docter nor your Lawyer.
https://en.m.wikiquote.org/wiki/Poor_Richard%27s_Almanack,1737,"I never saw an oft-transplanted tree, nor yet an oft-removed family, that throve so well as those that settled be."
https://en.m.wikiquote.org/wiki/Poor_Richard%27s_Almanack,1737,Three good meals a day is bad living.
https://en.m.wikiquote.org/wiki/Poor_Richard%27s_Almanack,1737,"To whom thy secret thou dost tell, to him thy freedom thou dost sell."
https://en.m.wikiquote.org/wiki/Poor_Richard%27s_Almanack,1737,"If you'd have a Servant that you like, serve your self."
https://en.m.wikiquote.org/wiki/Poor_Richard%27s_Almanack,1737,"He that pursues two Hares at once, does not catch one and lets t'other go."
https://en.m.wikiquote.org/wiki/Poor_Richard%27s_Almanack,1737,If you have time don't wait for time.
https://en.m.wikiquote.org/wiki/Poor_Richard%27s_Almanack,1737,"Tell a miser he's rich, and a woman she's old, you'll get no money of one, nor kindness of t'other."
https://en.m.wikiquote.org/wiki/Poor_Richard%27s_Almanack,1737,"Don't go to the doctor with every distemper, nor to the lawyer with every quarrel, nor to the pot for every thirst."
https://en.m.wikiquote.org/wiki/Poor_Richard%27s_Almanack,1737,"The Creditors are a superstitious sect, great observers of set days and times."
https://en.m.wikiquote.org/wiki/Poor_Richard%27s_Almanack,1737,"The noblest question in the world is, What Good may I do in it?"
https://en.m.wikiquote.org/wiki/Poor_Richard%27s_Almanack,1737,Nothing so popular as GOODNESS.
https://en.m.wikiquote.org/wiki/Poor_Richard%27s_Almanack,1738,"There are three faithful friends, an old wife, an old dog, and ready money."
https://en.m.wikiquote.org/wiki/Poor_Richard%27s_Almanack,1738,Who has deceiv'd thee so oft as thy self?
https://en.m.wikiquote.org/wiki/Poor_Richard%27s_Almanack,1738,"Read much, but not many books."
https://en.m.wikiquote.org/wiki/Poor_Richard%27s_Almanack,1738,"Write with the learned, pronounce with the vulgar."
https://en.m.wikiquote.org/wiki/Poor_Richard%27s_Almanack,1738,Hast thou virtue? acquire also the graces & beauties of virtue.
https://en.m.wikiquote.org/wiki/Poor_Richard%27s_Almanack,1738,Buy what thou hast no need of; and e'er long thou shalt sell thy necessaries.
https://en.m.wikiquote.org/wiki/Poor_Richard%27s_Almanack,1738,"If thou hast wit & learning, add to it Wisdom and Modesty."
https://en.m.wikiquote.org/wiki/Poor_Richard%27s_Almanack,1738,"You may be more happy than Princes, if you will be more virtuous."
https://en.m.wikiquote.org/wiki/Poor_Richard%27s_Almanack,1738,"If you wou'd not be forgotten As soon as you are dead and rotten, Either write things worth reading, Or do things worth the writing."
https://en.m.wikiquote.org/wiki/Poor_Richard%27s_Almanack,1738,"Sell not virtue to purchase wealth, nor Liberty to purchase power."
https://en.m.wikiquote.org/wiki/Poor_Richard%27s_Almanack,1738,Let thy vices die before thee.
https://en.m.wikiquote.org/wiki/Poor_Richard%27s_Almanack,1738,"Keep your eyes wide open before marriage, half shut afterwards."
https://en.m.wikiquote.org/wiki/Poor_Richard%27s_Almanack,1738,The ancients tell us what is best; but we must learn of the moderns what is fittest.
https://en.m.wikiquote.org/wiki/Poor_Richard%27s_Almanack,1738,"'Tis less discredit to abridge petty charges, than to stoop to petty Gettings."
https://en.m.wikiquote.org/wiki/Poor_Richard%27s_Almanack,1738,"Since thou art not sure of a minute, throw not away an hour."
https://en.m.wikiquote.org/wiki/Poor_Richard%27s_Almanack,1738,"Since I cannot govern my own tongue, tho' within my own teeth, how can I hope to govern the tongues of others?"
https://en.m.wikiquote.org/wiki/Poor_Richard%27s_Almanack,1738,"If you do what you should not, you must hear what you would not."
https://en.m.wikiquote.org/wiki/Poor_Richard%27s_Almanack,1738,Wish not so much to live long as to live well.
https://en.m.wikiquote.org/wiki/Poor_Richard%27s_Almanack,1738,"As we must account for every idle word, so we must for every idle silence."
https://en.m.wikiquote.org/wiki/Poor_Richard%27s_Almanack,1738,"I have never seen the Philosopher's Stone that turns lead into Gold, but I have known the pursuit of it turn a Man's Gold into Lead."
https://en.m.wikiquote.org/wiki/Poor_Richard%27s_Almanack,1738,Time is an herb that cures all Diseases.
https://en.m.wikiquote.org/wiki/Poor_Richard%27s_Almanack,1738,"Reading makes a full Man, Meditation a profound Man, discourse a clear Man."
https://en.m.wikiquote.org/wiki/Poor_Richard%27s_Almanack,1738,"If any man flatters me, I'll flatter him again; tho' he were my best Friend."
https://en.m.wikiquote.org/wiki/Poor_Richard%27s_Almanack,1738,"Wish a miser long life, and you wish him no good."
https://en.m.wikiquote.org/wiki/Poor_Richard%27s_Almanack,1738,"None but the well-bred man knows how to confess a fault, nor acknowledge himself in an error."
https://en.m.wikiquote.org/wiki/Poor_Richard%27s_Almanack,1738,Drive thy business; let not that drive thee.
https://en.m.wikiquote.org/wiki/Poor_Richard%27s_Almanack,1738,"There is much difference between imitating a good man, and counterfeiting him."
https://en.m.wikiquote.org/wiki/Poor_Richard%27s_Almanack,1738,"Each year one vicious habit rooted out, In time might make the worst Man good throughout."
https://en.m.wikiquote.org/wiki/Poor_Richard%27s_Almanack,1738,Wink at small faults; remember thou hast great ones.
https://en.m.wikiquote.org/wiki/Poor_Richard%27s_Almanack,1738,"Eat to please thyself, but dress to please others."
https://en.m.wikiquote.org/wiki/Poor_Richard%27s_Almanack,1738,"Search others for their virtues, thy self for thy vices."
https://en.m.wikiquote.org/wiki/Poor_Richard%27s_Almanack,1739,"If thou wouldst live long, live well; for Folly and Wickedness shorten Life."
https://en.m.wikiquote.org/wiki/Poor_Richard%27s_Almanack,1739,"Trust thy self, and another shall not betray thee."
https://en.m.wikiquote.org/wiki/Poor_Richard%27s_Almanack,1739,"He that pays for Work before it’s done, has but a pennyworth for twopence."
https://en.m.wikiquote.org/wiki/Poor_Richard%27s_Almanack,1739,"Historians relate, not so much what is done, as what they would have believed."
https://en.m.wikiquote.org/wiki/Poor_Richard%27s_Almanack,1739,Thou canst not joke an Enemy into a Friend; but thou may'st a Friend into an Enemy.
https://en.m.wikiquote.org/wiki/Poor_Richard%27s_Almanack,1739,"He that falls in love with himself, will have no Rivals."
https://en.m.wikiquote.org/wiki/Poor_Richard%27s_Almanack,1739,"Let thy Child's first Lesson be Obedience, and the second may be what thou wilt."
https://en.m.wikiquote.org/wiki/Poor_Richard%27s_Almanack,1739,"Blessed is he that expects nothing, for he shall never be disappointed."
https://en.m.wikiquote.org/wiki/Poor_Richard%27s_Almanack,1739,Let thy Discontents be Secrets.
https://en.m.wikiquote.org/wiki/Poor_Richard%27s_Almanack,1739,"A Man of Knowledge like a rich Soil, feeds If not a world of Corn, a world of Weeds."
https://en.m.wikiquote.org/wiki/Poor_Richard%27s_Almanack,1739,"No Resolution of Repenting hereafter, can be sincere."
https://en.m.wikiquote.org/wiki/Poor_Richard%27s_Almanack,1739,"Honour thy Father and Mother, i.e. Live so as to be an Honour to them tho' they are dead."
https://en.m.wikiquote.org/wiki/Poor_Richard%27s_Almanack,1739,"If thou injurest Conscience, it will have its Revenge on thee."
https://en.m.wikiquote.org/wiki/Poor_Richard%27s_Almanack,1739,"Hear no ill of a Friend, nor speak any of an Enemy."
https://en.m.wikiquote.org/wiki/Poor_Richard%27s_Almanack,1739,"Pay what you owe, and you’ll know what's your own."
https://en.m.wikiquote.org/wiki/Poor_Richard%27s_Almanack,1739,"Beware of him that is slow to anger: He is angry for some thing, and will not be pleased for nothing."
https://en.m.wikiquote.org/wiki/Poor_Richard%27s_Almanack,1739,"Proclaim not all thou knowest, all thou owest, all thou hast, nor all thou canst."
https://en.m.wikiquote.org/wiki/Poor_Richard%27s_Almanack,1739,"Let our Fathers and Grandfathers be valued for their Goodness, ourselves for our own."
https://en.m.wikiquote.org/wiki/Poor_Richard%27s_Almanack,1739,Industry need not wish.
https://en.m.wikiquote.org/wiki/Poor_Richard%27s_Almanack,1739,Sin is not hurtful because it is forbidden but it is forbidden because it's hurtful.
https://en.m.wikiquote.org/wiki/Poor_Richard%27s_Almanack,1739,"Nor is a Duty beneficial because it is commanded, but it is commanded, because it's beneficial."
https://en.m.wikiquote.org/wiki/Poor_Richard%27s_Almanack,1739,"Great Beauty, great strength, & great Riches, are really & truly of no great Use; a right Heart exceeds all."
https://en.m.wikiquote.org/wiki/Poor_Richard%27s_Almanack,1740,"To hear other Peoples Afflictions, every one has Courage enough, and to spare."
https://en.m.wikiquote.org/wiki/Poor_Richard%27s_Almanack,1740,An empty bag will not stand upright.
https://en.m.wikiquote.org/wiki/Poor_Richard%27s_Almanack,1740,"Happy that nation, fortunate that age, whose history is not diverting."
https://en.m.wikiquote.org/wiki/Poor_Richard%27s_Almanack,1740,An open Foe may prove a curse; But a pretended friend is worse.
https://en.m.wikiquote.org/wiki/Poor_Richard%27s_Almanack,1740,"A wolf eats sheep but now and then, Ten Thousands are devour'd by men."
https://en.m.wikiquote.org/wiki/Poor_Richard%27s_Almanack,1740,"Man's tongue is soft, and bone doth lack; Yet a stroke therewith may break a man's back."
https://en.m.wikiquote.org/wiki/Poor_Richard%27s_Almanack,1740,"The poor have little, Beggars none; the Rich too much, enough not one."
https://en.m.wikiquote.org/wiki/Poor_Richard%27s_Almanack,1740,"Tricks and trechery are the Practice of Fools, that have not Wit enough to be honest."
https://en.m.wikiquote.org/wiki/Poor_Richard%27s_Almanack,1740,There are lazy Minds as well as lazy Bodies.
https://en.m.wikiquote.org/wiki/Poor_Richard%27s_Almanack,1740,"Who says Jack is not generous? he is always fond of giving, and cares not for receiving.–What? Why; Advice."
https://en.m.wikiquote.org/wiki/Poor_Richard%27s_Almanack,1740,"Fear not Death; for the sooner we die, the longer shall we be immortal."
https://en.m.wikiquote.org/wiki/Poor_Richard%27s_Almanack,1740,"Those who in quarrels interpose, Must often wipe a bloody nose."
https://en.m.wikiquote.org/wiki/Poor_Richard%27s_Almanack,1740,"Promises may get thee friends, but Nonperformance will turn them into enemies."
https://en.m.wikiquote.org/wiki/Poor_Richard%27s_Almanack,1740,"In other men we faults can spy, And blame the mote that dims their eye; Each little speck and blemish find; To our own stronger errors blind."
https://en.m.wikiquote.org/wiki/Poor_Richard%27s_Almanack,1740,Observe all men; thy self most.
https://en.m.wikiquote.org/wiki/Poor_Richard%27s_Almanack,1740,"Thou hadst better eat salt with the Philosophers of Greece, than sugar with the Courtiers of Italy."
https://en.m.wikiquote.org/wiki/Poor_Richard%27s_Almanack,1740,"Seek Virtue, and, of that possest, To Providence, resign the rest."
https://en.m.wikiquote.org/wiki/Poor_Richard%27s_Almanack,1740,"Marry above thy match, and thou'lt get a Master."
https://en.m.wikiquote.org/wiki/Poor_Richard%27s_Almanack,1740,"Fear to do ill, and you need fear naught else."
https://en.m.wikiquote.org/wiki/Poor_Richard%27s_Almanack,1740,He makes a Foe who makes a jest.
https://en.m.wikiquote.org/wiki/Poor_Richard%27s_Almanack,1740,Avoid dishonest Gain: No price Can recompence the Pangs of Vice.
https://en.m.wikiquote.org/wiki/Poor_Richard%27s_Almanack,1740,"When befriended, remember it: When you befriend, forget it."
https://en.m.wikiquote.org/wiki/Poor_Richard%27s_Almanack,1740,"Employ thy time well, if thou meanest to gain leisure."
https://en.m.wikiquote.org/wiki/Poor_Richard%27s_Almanack,1740,A Flatterer never seems absurd: The Flatter'd always take his Word.
https://en.m.wikiquote.org/wiki/Poor_Richard%27s_Almanack,1740,"Lend Money to an Enemy, and thou'lt gain him, to a Friend and thou'lt lose him."
https://en.m.wikiquote.org/wiki/Poor_Richard%27s_Almanack,1741,"Learn of the skilful: He that teaches himself, hath a fool for his master."
https://en.m.wikiquote.org/wiki/Poor_Richard%27s_Almanack,1741,"Best is the Tongue that feels the rein:– He that talks much, must talk in vain; We from the wordy torrent fly: Who listens to the chattering Pye?"
https://en.m.wikiquote.org/wiki/Poor_Richard%27s_Almanack,1741,Anger and Folly walk cheek by jole; Repentance treads on both their Heels.
https://en.m.wikiquote.org/wiki/Poor_Richard%27s_Almanack,1741,Be always asham'd to catch thy self idle.
https://en.m.wikiquote.org/wiki/Poor_Richard%27s_Almanack,1741,Lying rides upon Debt’s back.
https://en.m.wikiquote.org/wiki/Poor_Richard%27s_Almanack,1741,"They who have nothing to be troubled at, will be troubled at nothing."
https://en.m.wikiquote.org/wiki/Poor_Richard%27s_Almanack,1741,"If evils come not, then our fears are vain: And if they do, Fear but augments the pain."
https://en.m.wikiquote.org/wiki/Poor_Richard%27s_Almanack,1741,"If you would keep your Secret from an enemy, tell it not to a friend."
https://en.m.wikiquote.org/wiki/Poor_Richard%27s_Almanack,1741,"Up, Sluggard, and waste not life; in the grave will be sleeping enough."
https://en.m.wikiquote.org/wiki/Poor_Richard%27s_Almanack,1741,There are no fools so troublesome as those that have wit.
https://en.m.wikiquote.org/wiki/Poor_Richard%27s_Almanack,1741,"Quarrels never could last long, If on one side only lay the wrong."
https://en.m.wikiquote.org/wiki/Poor_Richard%27s_Almanack,1741,"Let no Pleasure tempt thee, no Profit allure thee, no Ambition corrupt thee, no Example sway thee, no Persuasion move thee, to do any thing which thou knowest to be Evil; So shalt thou always jollily: for a good Conscience is a continual Christmas. Adieu."
https://en.m.wikiquote.org/wiki/Poor_Richard%27s_Almanack,1742,Strange! that a Man who has wit enough to write a Satyr; should have folly enough to publish it.
https://en.m.wikiquote.org/wiki/Poor_Richard%27s_Almanack,1742,"He that hath a Trade, hath an Estate."
https://en.m.wikiquote.org/wiki/Poor_Richard%27s_Almanack,1742,Have you somewhat to do tomorrow; do it today.
https://en.m.wikiquote.org/wiki/Poor_Richard%27s_Almanack,1742,Speak and speed: the close mouth catches no flies.
https://en.m.wikiquote.org/wiki/Poor_Richard%27s_Almanack,1742,"Late Children, early Orphans."
https://en.m.wikiquote.org/wiki/Poor_Richard%27s_Almanack,1742,"Ben beats his Pate, and fancys wit will come; But he may knock, there's no body at home."
https://en.m.wikiquote.org/wiki/Poor_Richard%27s_Almanack,1742,Ill Customs & bad Advice are seldom forgotten.
https://en.m.wikiquote.org/wiki/Poor_Richard%27s_Almanack,1742,"He that sows thorns, should not go barefoot."
https://en.m.wikiquote.org/wiki/Poor_Richard%27s_Almanack,1742,"When Knaves fall out, honest Men get their goods: When Priests dispute, we come at the Truth."
https://en.m.wikiquote.org/wiki/Poor_Richard%27s_Almanack,1742,Death takes no bribes.
https://en.m.wikiquote.org/wiki/Poor_Richard%27s_Almanack,1742,One good Husband is worth two good Wives; for the scarcer things are the more they're valued.
https://en.m.wikiquote.org/wiki/Poor_Richard%27s_Almanack,1742,"He that riseth late, must trot all day, and shall scarce overtake his business at night."
https://en.m.wikiquote.org/wiki/Poor_Richard%27s_Almanack,1742,"He that speaks ill of the Mare, will buy her."
https://en.m.wikiquote.org/wiki/Poor_Richard%27s_Almanack,1742,"You will be careful, if you are wise; How you touch Men's Religion, or Credit, or Eyes."
https://en.m.wikiquote.org/wiki/Poor_Richard%27s_Almanack,1742,"They who have nothing to trouble them, will be troubled at nothing."
https://en.m.wikiquote.org/wiki/Poor_Richard%27s_Almanack,1742,"Against Diseases here, the strongest Fence, Is the defensive Virtue, Abstinence."
https://en.m.wikiquote.org/wiki/Poor_Richard%27s_Almanack,1742,"If thou dost ill, the joy fades, not the pains; If well, the pain doth fade, the joy remains."
https://en.m.wikiquote.org/wiki/Poor_Richard%27s_Almanack,1742,"To err is human, to repent divine, to persist devilish."
https://en.m.wikiquote.org/wiki/Poor_Richard%27s_Almanack,1742,"Industry pays Debts, Despair encreases them."
https://en.m.wikiquote.org/wiki/Poor_Richard%27s_Almanack,1742,"With the old Almanack and the old Year, Leave thy Vices. tho' never so dear."
https://en.m.wikiquote.org/wiki/Poor_Richard%27s_Almanack,1742,"The Difficulty lies, in finding out an exact Measure; but eat for Necessity, not Pleasure, for Lust knows not where Necessity ends."
https://en.m.wikiquote.org/wiki/Poor_Richard%27s_Almanack,1742,"If thou art dull and heavy after Meat, it's a sign thou hast exceeded the due Measure; for Meat and Drink ought to refresh the Body, and make it chearful, and not to dull and oppress it."
https://en.m.wikiquote.org/wiki/Poor_Richard%27s_Almanack,1743,"How few there are who have courage enough to own their Faults, or resolution enough to mend them!"
https://en.m.wikiquote.org/wiki/Poor_Richard%27s_Almanack,1743,"Men differ daily, about things which are subject to Sense, is it likely then they should agree about things invisible?"
https://en.m.wikiquote.org/wiki/Poor_Richard%27s_Almanack,1743,"Mark with what insolence and pride, Blown Bufo takes his haughty stride; As if no toad was toad beside."
https://en.m.wikiquote.org/wiki/Poor_Richard%27s_Almanack,1743,"In prosperous fortunes be modest and wise, The greatest may fall, and the lowest may rise: But insolent People that fall in disgrace, Are wretched and no-body pities their Case."
https://en.m.wikiquote.org/wiki/Poor_Richard%27s_Almanack,1743,"The World is full of fools and faint hearts; and yet every one has courage enough to bear the misfortunes, and wisdom enough to manage the Affairs of his neighbor."
https://en.m.wikiquote.org/wiki/Poor_Richard%27s_Almanack,1743,"Beware, beware! he'll cheat 'ithout scruple, who can without fear."
https://en.m.wikiquote.org/wiki/Poor_Richard%27s_Almanack,1743,"Content and Riches seldom meet together, Riches take thou, contentment I had rather."
https://en.m.wikiquote.org/wiki/Poor_Richard%27s_Almanack,1743,"Speak with contempt of none, from slave to king, The meanest Bee hath, and will use, a sting."
https://en.m.wikiquote.org/wiki/Poor_Richard%27s_Almanack,1743,"The church the state, and the poor, are 3 daughters which we should maintain, but not portion off."
https://en.m.wikiquote.org/wiki/Poor_Richard%27s_Almanack,1743,"A little well-gotten will do us more good, Than lordships and scepters by Rapine and Blood."
https://en.m.wikiquote.org/wiki/Poor_Richard%27s_Almanack,1743,"Let all Men know thee, but no man know thee thoroughly: Men freely ford that see the shallows."
https://en.m.wikiquote.org/wiki/Poor_Richard%27s_Almanack,1743,Tis easy to frame a good bold resolution; but hard is the Task that concerns execution.
https://en.m.wikiquote.org/wiki/Poor_Richard%27s_Almanack,1743,Cold & cunning come from the north: But cunning sans wisdom is nothing worth.
https://en.m.wikiquote.org/wiki/Poor_Richard%27s_Almanack,1743,"Ah, simple Man! when a boy two precious jewels were given thee, Time, and good Advice; one thou hast lost, and the other thrown away."
https://en.m.wikiquote.org/wiki/Poor_Richard%27s_Almanack,1743,The sleeping Fox catches no poultry. Up! up!
https://en.m.wikiquote.org/wiki/Poor_Richard%27s_Almanack,1743,"If you'd be wealthy, think of saving, more than of getting: The Indies have not made Spain rich, because her Outgoes equal her Incomes."
https://en.m.wikiquote.org/wiki/Poor_Richard%27s_Almanack,1743,"Experience keeps a dear school, yet Fools will learn in no other."
https://en.m.wikiquote.org/wiki/Poor_Richard%27s_Almanack,1743,"How many observe Christ's Birth-day! How few, his Precepts! O! 'tis easier to keep Holidays than Commandments."
https://en.m.wikiquote.org/wiki/Poor_Richard%27s_Almanack,1744,"He that drinks his Cyder alone, Let him catch his Horse alone."
https://en.m.wikiquote.org/wiki/Poor_Richard%27s_Almanack,1744,Who is strong? He that can conquer his bad Habits.
https://en.m.wikiquote.org/wiki/Poor_Richard%27s_Almanack,1744,Who is rich? He that rejoices in his Portion.
https://en.m.wikiquote.org/wiki/Poor_Richard%27s_Almanack,1744,"He that has not got a Wife, is not yet a compleat Man."
https://en.m.wikiquote.org/wiki/Poor_Richard%27s_Almanack,1744,"What you would seem to be, be really."
https://en.m.wikiquote.org/wiki/Poor_Richard%27s_Almanack,1744,"If you'd lose a troublesome Visitor, lend him Money."
https://en.m.wikiquote.org/wiki/Poor_Richard%27s_Almanack,1744,Tart Words make no Friends: a spoonful of honey will catch more flies than a Gallon of Vinegar.
https://en.m.wikiquote.org/wiki/Poor_Richard%27s_Almanack,1744,Make haste slowly.
https://en.m.wikiquote.org/wiki/Poor_Richard%27s_Almanack,1744,"Hear Reason, or she'll make you feel her."
https://en.m.wikiquote.org/wiki/Poor_Richard%27s_Almanack,1744,"Give me yesterday's Bread, this Day's Flesh, and last Year's Cyder."
https://en.m.wikiquote.org/wiki/Poor_Richard%27s_Almanack,1744,"God heals, and the Doctor takes the Fees."
https://en.m.wikiquote.org/wiki/Poor_Richard%27s_Almanack,1744,Sloth (like Rust) consumes faster than Labour wears: the used Key is always bright.
https://en.m.wikiquote.org/wiki/Poor_Richard%27s_Almanack,1744,"Keep thou from the Opportunity, and God will keep thee from the Sin."
https://en.m.wikiquote.org/wiki/Poor_Richard%27s_Almanack,1744,"Where there's no Law, there's no Bread."
https://en.m.wikiquote.org/wiki/Poor_Richard%27s_Almanack,1744,"As Pride increases, Fortune declines."
https://en.m.wikiquote.org/wiki/Poor_Richard%27s_Almanack,1744,The same man cannot be both Friend and Flatterer.
https://en.m.wikiquote.org/wiki/Poor_Richard%27s_Almanack,1744,He who multiplies Riches multiplies Cares.
https://en.m.wikiquote.org/wiki/Poor_Richard%27s_Almanack,1744,"Those who are fear'd, are hated."
https://en.m.wikiquote.org/wiki/Poor_Richard%27s_Almanack,1744,"The Things which hurt, instruct."
https://en.m.wikiquote.org/wiki/Poor_Richard%27s_Almanack,1744,A soft Tongue may strike hard.
https://en.m.wikiquote.org/wiki/Poor_Richard%27s_Almanack,1744,A true Friend is the best Possession.
https://en.m.wikiquote.org/wiki/Poor_Richard%27s_Almanack,1744,"Here my poor Bridget's Corps doth lie, she is at rest, –and so am I."
https://en.m.wikiquote.org/wiki/Poor_Richard%27s_Almanack,1745,"Beware of little Expences, a small Leak will sink a great Ship."
https://en.m.wikiquote.org/wiki/Poor_Richard%27s_Almanack,1745,A light purse is a heavy Curse.
https://en.m.wikiquote.org/wiki/Poor_Richard%27s_Almanack,1745,"Help, Hands; for I have no Lands."
https://en.m.wikiquote.org/wiki/Poor_Richard%27s_Almanack,1745,It's common for Men to give pretended Reasons instead of one real one.
https://en.m.wikiquote.org/wiki/Poor_Richard%27s_Almanack,1745,Vanity backbites more than Malice.
https://en.m.wikiquote.org/wiki/Poor_Richard%27s_Almanack,1745,He's a Fool that cannot conceals Wisdom.
https://en.m.wikiquote.org/wiki/Poor_Richard%27s_Almanack,1745,Great spenders are bad lenders.
https://en.m.wikiquote.org/wiki/Poor_Richard%27s_Almanack,1745,You may talk too much on the best of subjects.
https://en.m.wikiquote.org/wiki/Poor_Richard%27s_Almanack,1745,No gains without pains.
https://en.m.wikiquote.org/wiki/Poor_Richard%27s_Almanack,1745,There are no fools so troublesome as those that have wit.
https://en.m.wikiquote.org/wiki/Poor_Richard%27s_Almanack,1745,"Many complain of their Memory, few of their Judgment."
https://en.m.wikiquote.org/wiki/Poor_Richard%27s_Almanack,1745,Fools make feasts and wise men eat them.
https://en.m.wikiquote.org/wiki/Poor_Richard%27s_Almanack,1745,Light heel'd mothers make leaden-heel'd daughters.
https://en.m.wikiquote.org/wiki/Poor_Richard%27s_Almanack,1745,'Tis easier to prevent bad habits than to break them.
https://en.m.wikiquote.org/wiki/Poor_Richard%27s_Almanack,1745,"Every Man has Assurance enough to boast of his honesty, few of their Understanding."
https://en.m.wikiquote.org/wiki/Poor_Richard%27s_Almanack,1745,"An ounce of wit that is bought, Is worth a pound that is taught."
https://en.m.wikiquote.org/wiki/Poor_Richard%27s_Almanack,1745,"He that resolves to mend hereafter, resolves not to mend now."
https://en.m.wikiquote.org/wiki/Poor_Richard%27s_Almanack,1746,"When the Well's dry, we know the Worth of Water."
https://en.m.wikiquote.org/wiki/Poor_Richard%27s_Almanack,1746,"A good Wife and Health, is a Man's best Wealth."
https://en.m.wikiquote.org/wiki/Poor_Richard%27s_Almanack,1746,A quarrelsome Man has no good Neighbors.
https://en.m.wikiquote.org/wiki/Poor_Richard%27s_Almanack,1746,"Vice knows she's ugly, so puts on her Mask."
https://en.m.wikiquote.org/wiki/Poor_Richard%27s_Almanack,1746,"Women & Wine, Game & Deceit, Make the Wealth small and the Wants great."
https://en.m.wikiquote.org/wiki/Poor_Richard%27s_Almanack,1746,It's the easiest Thing in the World for a Man to deceive himself.
https://en.m.wikiquote.org/wiki/Poor_Richard%27s_Almanack,1746,Virtue and Happiness are Mother and Daughter.
https://en.m.wikiquote.org/wiki/Poor_Richard%27s_Almanack,1746,Dost thou love Life? then do not squander Time; for that's the Stuff Life is made of.
https://en.m.wikiquote.org/wiki/Poor_Richard%27s_Almanack,1746,"Good Sense is a Thing all need, few have, and none think they want."
https://en.m.wikiquote.org/wiki/Poor_Richard%27s_Almanack,1746,Want of Care does us more Damage than Want of Knowledge.
https://en.m.wikiquote.org/wiki/Poor_Richard%27s_Almanack,1746,"The Sting of a Reproach, is the Truth of it."
https://en.m.wikiquote.org/wiki/Poor_Richard%27s_Almanack,1746,The most exquisite Folly is made of Wisdom spun too fine.
https://en.m.wikiquote.org/wiki/Poor_Richard%27s_Almanack,1747,There's a time to wink as well as to see.
https://en.m.wikiquote.org/wiki/Poor_Richard%27s_Almanack,1747,"There is no Man so bad, but he secretly respects the Good."
https://en.m.wikiquote.org/wiki/Poor_Richard%27s_Almanack,1747,"Courage would fight, but Discretion won't let him."
https://en.m.wikiquote.org/wiki/Poor_Richard%27s_Almanack,1747,We are not so sensible of the greatest Health as of the least Sickness.
https://en.m.wikiquote.org/wiki/Poor_Richard%27s_Almanack,1747,A good Example is the best sermon.
https://en.m.wikiquote.org/wiki/Poor_Richard%27s_Almanack,1747,A Father's a Treasure; a Brother's a Comfort; a Friend is both.
https://en.m.wikiquote.org/wiki/Poor_Richard%27s_Almanack,1747,"He that won't be counsell'd, can't be help'd."
https://en.m.wikiquote.org/wiki/Poor_Richard%27s_Almanack,1747,"Write Injuries in Dust, Benefits in Marble."
https://en.m.wikiquote.org/wiki/Poor_Richard%27s_Almanack,1747,What maintains one Vice would bring up two Children.
https://en.m.wikiquote.org/wiki/Poor_Richard%27s_Almanack,1747,Better is a little with content than much with contention.
https://en.m.wikiquote.org/wiki/Poor_Richard%27s_Almanack,1747,A slip of the foot you may soon recover; But a slip of the Tongue you may never get over.
https://en.m.wikiquote.org/wiki/Poor_Richard%27s_Almanack,1747,"What signifies your Patience, if you can't find it when you want it."
https://en.m.wikiquote.org/wiki/Poor_Richard%27s_Almanack,1747,"Time enough, always proves little enough."
https://en.m.wikiquote.org/wiki/Poor_Richard%27s_Almanack,1747,"It is wise not to seek a Secret, and Honest not to reveal it."
https://en.m.wikiquote.org/wiki/Poor_Richard%27s_Almanack,1747,"A Mob's a Monster; Heads enough, but no Brains."
https://en.m.wikiquote.org/wiki/Poor_Richard%27s_Almanack,1747,The Devil sweetens Poison with Honey.
https://en.m.wikiquote.org/wiki/Poor_Richard%27s_Almanack,1747,"He that cannot bear with other People's Passions, cannot govern his own."
https://en.m.wikiquote.org/wiki/Poor_Richard%27s_Almanack,1748,Lost Time is never found again.
https://en.m.wikiquote.org/wiki/Poor_Richard%27s_Almanack,1748,"Life with Fools consists in Drinking; With the wise Man, Living's Thinking."
https://en.m.wikiquote.org/wiki/Poor_Richard%27s_Almanack,1748,Liberality is not giving much but giving wisely.
https://en.m.wikiquote.org/wiki/Poor_Richard%27s_Almanack,1748,The second Vice is Lying; the first is Running in Debt.
https://en.m.wikiquote.org/wiki/Poor_Richard%27s_Almanack,1748,"When you're good to others, you are best to yourself."
https://en.m.wikiquote.org/wiki/Poor_Richard%27s_Almanack,1748,Half Wits talk much but say little.
https://en.m.wikiquote.org/wiki/Poor_Richard%27s_Almanack,1748,"If Jack's in love, he's no judge of Jill's Beauty."
https://en.m.wikiquote.org/wiki/Poor_Richard%27s_Almanack,1748,Most Fools think they are only ignorant.
https://en.m.wikiquote.org/wiki/Poor_Richard%27s_Almanack,1748,"Pardoning the Bad, is injuring the Good."
https://en.m.wikiquote.org/wiki/Poor_Richard%27s_Almanack,1748,"He is not well-bred, that cannot bear Ill-Breeding in others."
https://en.m.wikiquote.org/wiki/Poor_Richard%27s_Almanack,1749,Wise Men learn by other's harms; Fools by their own.
https://en.m.wikiquote.org/wiki/Poor_Richard%27s_Almanack,1749,The end of Passion is the beginning of Repentance.
https://en.m.wikiquote.org/wiki/Poor_Richard%27s_Almanack,1749,"Words may shew a man's Wit, but Actions his Meaning."
https://en.m.wikiquote.org/wiki/Poor_Richard%27s_Almanack,1749,'Tis a well spent penny that saves a groat.
https://en.m.wikiquote.org/wiki/Poor_Richard%27s_Almanack,1749,"Many Foxes grow grey, but few grow good."
https://en.m.wikiquote.org/wiki/Poor_Richard%27s_Almanack,1749,Content makes poor men rich; Discontent makes rich men poor.
https://en.m.wikiquote.org/wiki/Poor_Richard%27s_Almanack,1749,"Drink does not drown Care, but waters it, and makes it grow faster."
https://en.m.wikiquote.org/wiki/Poor_Richard%27s_Almanack,1749,"If your head is wax, don’t walk in the sun."
https://en.m.wikiquote.org/wiki/Poor_Richard%27s_Almanack,1749,"Having been poor is no shame, but being ashamed of it, is."
https://en.m.wikiquote.org/wiki/Poor_Richard%27s_Almanack,1749,"The wise Man draws more Advantage from his Enemies, than the Fool from his Friends."
https://en.m.wikiquote.org/wiki/Poor_Richard%27s_Almanack,1749,"All would live long, but none would be old."
https://en.m.wikiquote.org/wiki/Poor_Richard%27s_Almanack,1749,"Declaiming against Pride, is not always a Sign of Humility."
https://en.m.wikiquote.org/wiki/Poor_Richard%27s_Almanack,1749,Doing an Injury puts you below your Enemy; Revenging one makes you but even with him; Forgiving it sets you above him.
https://en.m.wikiquote.org/wiki/Poor_Richard%27s_Almanack,1749,"Most of the Learning in use, is of no great Use."
https://en.m.wikiquote.org/wiki/Poor_Richard%27s_Almanack,1749,A Man in a Passion rides a mad Horse.
https://en.m.wikiquote.org/wiki/Poor_Richard%27s_Almanack,1749,"Reader farewel, all Happiness attend thee; May each New-Year, better and richer find thee."
https://en.m.wikiquote.org/wiki/Poor_Richard%27s_Almanack,1750,"There are three things extreamly hard, Steel, a Diamond and to know one's self."
https://en.m.wikiquote.org/wiki/Poor_Richard%27s_Almanack,1750,Hunger is the best Pickle.
https://en.m.wikiquote.org/wiki/Poor_Richard%27s_Almanack,1750,"He is Governor that governs his Passions, and he a Servant that serves them."
https://en.m.wikiquote.org/wiki/Poor_Richard%27s_Almanack,1750,"Wouldst thou confound thine Enemy, be good thy self."
https://en.m.wikiquote.org/wiki/Poor_Richard%27s_Almanack,1750,"Pride is as loud a Beggar as Want, and a great deal more saucy."
https://en.m.wikiquote.org/wiki/Poor_Richard%27s_Almanack,1750,"Pay what you owe, and what you're worth you'll know."
https://en.m.wikiquote.org/wiki/Poor_Richard%27s_Almanack,1750,"Many a Man thinks he is buying Pleasure, when he is really selling himself a Slave to it."
https://en.m.wikiquote.org/wiki/Poor_Richard%27s_Almanack,1750,"He that can bear a Reproof, and mend by it, if he is not wise, is in a fair way of being so."
https://en.m.wikiquote.org/wiki/Poor_Richard%27s_Almanack,1750,"Clean your Finger, before you point at my Spots."
https://en.m.wikiquote.org/wiki/Poor_Richard%27s_Almanack,1750,"He that spills the Rum, loses that only; He that drinks it, often loses both that and himself."
https://en.m.wikiquote.org/wiki/Poor_Richard%27s_Almanack,1750,Genius without education is like silver in the mine.
https://en.m.wikiquote.org/wiki/Poor_Richard%27s_Almanack,1750,"Little Strokes, Fell great Oaks."
https://en.m.wikiquote.org/wiki/Poor_Richard%27s_Almanack,1750,"Many would live by their Wits, but break for want of Stock."
https://en.m.wikiquote.org/wiki/Poor_Richard%27s_Almanack,1750,"Hide not your Talents, they for Use were made. What's a Sun-Dial in the Shade!"
https://en.m.wikiquote.org/wiki/Poor_Richard%27s_Almanack,1750,"What signifies knowing the Names, if you know not the Natures of Things."
https://en.m.wikiquote.org/wiki/Poor_Richard%27s_Almanack,1750,"Glass, China, and Reputation, are easily crack'd, and never well mended."
https://en.m.wikiquote.org/wiki/Poor_Richard%27s_Almanack,1751,Pray don't burn my House to roast your Eggs.
https://en.m.wikiquote.org/wiki/Poor_Richard%27s_Almanack,1751,"Many a Man would have been worse, if his Estate had been better."
https://en.m.wikiquote.org/wiki/Poor_Richard%27s_Almanack,1751,"We may give Advice, but we cannot give Conduct."
https://en.m.wikiquote.org/wiki/Poor_Richard%27s_Almanack,1751,"He that is concious of a Stink in his Breeches, is jealous of every Wrinkle in another's nose."
https://en.m.wikiquote.org/wiki/Poor_Richard%27s_Almanack,1751,"Most People return small Favors, acknowledge middling ones, and repay great ones with Ingratitude."
https://en.m.wikiquote.org/wiki/Poor_Richard%27s_Almanack,1751,"'Tis easier to suppress the first Desire, than to satisfy all that follow it."
https://en.m.wikiquote.org/wiki/Poor_Richard%27s_Almanack,1751,"If your Riches are yours, why don't you take them with you to t'other World?"
https://en.m.wikiquote.org/wiki/Poor_Richard%27s_Almanack,1751,What more valuable than Gold? Diamonds.
https://en.m.wikiquote.org/wiki/Poor_Richard%27s_Almanack,1751,Than Diamonds? Virtue.
https://en.m.wikiquote.org/wiki/Poor_Richard%27s_Almanack,1751,"If worldly Goods cannot save me from Death, they ought not to hinder me of eternal Life."
https://en.m.wikiquote.org/wiki/Poor_Richard%27s_Almanack,1751,Today is Yesterday's Pupil.
https://en.m.wikiquote.org/wiki/Poor_Richard%27s_Almanack,1751,"'Tis great Confidence in a Friend to tell him your Faults, greater to tell him his."
https://en.m.wikiquote.org/wiki/Poor_Richard%27s_Almanack,1751,Ambition often spends foolishly what Avarice had wickedly collected.
https://en.m.wikiquote.org/wiki/Poor_Richard%27s_Almanack,1751,Great Estates may venture more; Little Boats must keep near Shore.
https://en.m.wikiquote.org/wiki/Poor_Richard%27s_Almanack,1751,Nice Eaters seldom meet with a good Dinner.
https://en.m.wikiquote.org/wiki/Poor_Richard%27s_Almanack,1751,"Not to oversee Workmen, is to leave them your Purse open."
https://en.m.wikiquote.org/wiki/Poor_Richard%27s_Almanack,1751,The Wise and Brave dares own that he was wrong.
https://en.m.wikiquote.org/wiki/Poor_Richard%27s_Almanack,1751,Cunning proceeds from Want of Capacity.
https://en.m.wikiquote.org/wiki/Poor_Richard%27s_Almanack,1751,The Proud hate Pride – in others.
https://en.m.wikiquote.org/wiki/Poor_Richard%27s_Almanack,1751,"Who judges best of a Man, his Enemies or himself?"
https://en.m.wikiquote.org/wiki/Poor_Richard%27s_Almanack,1751,"Drunkenness, that worst of Evils, makes some men Fools, some Beasts, some Devils."
https://en.m.wikiquote.org/wiki/Poor_Richard%27s_Almanack,1751,'Tis not a Holiday that's not kept holy.
https://en.m.wikiquote.org/wiki/Poor_Richard%27s_Almanack,1752,"Kings have long Arms, but Misfortune longer: Let none think themselves out of her Reach."
https://en.m.wikiquote.org/wiki/Poor_Richard%27s_Almanack,1752,"For want of a Nail the Shoe is lost; for want of a Shoe, the Horse is lost; for want of a Horse the Rider is lost."
https://en.m.wikiquote.org/wiki/Poor_Richard%27s_Almanack,1752,The busy Man has few idle Visitors; to the boiling Pot the Flies come not.
https://en.m.wikiquote.org/wiki/Poor_Richard%27s_Almanack,1752,"'Tis more noble to forgive, and more manly to despise, than to revenge an Injury."
https://en.m.wikiquote.org/wiki/Poor_Richard%27s_Almanack,1752,"A Brother may not be a Friend, but a Friend will always be a Brother."
https://en.m.wikiquote.org/wiki/Poor_Richard%27s_Almanack,1752,Meanness is the Parent of Insolence.
https://en.m.wikiquote.org/wiki/Poor_Richard%27s_Almanack,1752,"A Temper to bear much, will have much to bear."
https://en.m.wikiquote.org/wiki/Poor_Richard%27s_Almanack,1752,"Great Merit is coy, as well as great Pride."
https://en.m.wikiquote.org/wiki/Poor_Richard%27s_Almanack,1752,"An undutiful Daughter, will prove an unmanageable Wife."
https://en.m.wikiquote.org/wiki/Poor_Richard%27s_Almanack,1752,Old Boys have their Playthings as well as young Ones; the Difference is only in the Price.
https://en.m.wikiquote.org/wiki/Poor_Richard%27s_Almanack,1752,The too obliging Temper is evermore disobliging itself.
https://en.m.wikiquote.org/wiki/Poor_Richard%27s_Almanack,1752,Hold your Council before Dinner; the full Belly hates Thinking as well as Acting.
https://en.m.wikiquote.org/wiki/Poor_Richard%27s_Almanack,1752,The Brave and the Wise can both pity and excuse; when Cowards and Fools shew no Mercy.
https://en.m.wikiquote.org/wiki/Poor_Richard%27s_Almanack,1752,Ceremony is not Civility; nor Civility Ceremony.
https://en.m.wikiquote.org/wiki/Poor_Richard%27s_Almanack,1752,"If Man could have Half his Wishes, he would double his Troubles."
https://en.m.wikiquote.org/wiki/Poor_Richard%27s_Almanack,1752,Children and Princes will quarrel for Trifles.
https://en.m.wikiquote.org/wiki/Poor_Richard%27s_Almanack,1752,Success has ruin'd many a Man.
https://en.m.wikiquote.org/wiki/Poor_Richard%27s_Almanack,1753,"'Tis against some Mens Principle to pay Interest, and seems against others Interest to pay the Principal."
https://en.m.wikiquote.org/wiki/Poor_Richard%27s_Almanack,1753,Setting too good an Example is a Kind of Slander seldom forgiven; 'tis Scandalum Magnatum.
https://en.m.wikiquote.org/wiki/Poor_Richard%27s_Almanack,1753,"A great Talker may be no Fool, but he is one that relies on him."
https://en.m.wikiquote.org/wiki/Poor_Richard%27s_Almanack,1753,It is not Leisure that is not used.
https://en.m.wikiquote.org/wiki/Poor_Richard%27s_Almanack,1753,Paintings and Fightings are best seen at a distance.
https://en.m.wikiquote.org/wiki/Poor_Richard%27s_Almanack,1753,"If you would reap Praise you must sow the Seeds, Gentle Words and useful Deeds."
https://en.m.wikiquote.org/wiki/Poor_Richard%27s_Almanack,1753,"Ignorance leads Men into a Party, and Shame keeps them from getting out again."
https://en.m.wikiquote.org/wiki/Poor_Richard%27s_Almanack,1753,"Many have quarrel'd about Religion, that never practis'd it."
https://en.m.wikiquote.org/wiki/Poor_Richard%27s_Almanack,1753,"Sudden Power is apt to be insolent, Sudden Liberty saucy; that behaves best which has grown gradually."
https://en.m.wikiquote.org/wiki/Poor_Richard%27s_Almanack,1753,"He that best understands the World, least likes it."
https://en.m.wikiquote.org/wiki/Poor_Richard%27s_Almanack,1753,Haste makes Waste.
https://en.m.wikiquote.org/wiki/Poor_Richard%27s_Almanack,1753,"Anger is never without a Reason, but seldom with a good One."
https://en.m.wikiquote.org/wiki/Poor_Richard%27s_Almanack,1753,"He that is of Opinion Money will do every Thing, may well be suspected of doing every Thing for Money."
https://en.m.wikiquote.org/wiki/Poor_Richard%27s_Almanack,1753,"An ill Wound, but not an ill Name, may be healed."
https://en.m.wikiquote.org/wiki/Poor_Richard%27s_Almanack,1753,"When out of Favour, none know thee; when in, thou dost not know thyself."
https://en.m.wikiquote.org/wiki/Poor_Richard%27s_Almanack,1753,"God, Parents, and Instructors, can never be requited."
https://en.m.wikiquote.org/wiki/Poor_Richard%27s_Almanack,1753,"If you have no Honey in your Pot, have some in your Mouth."
https://en.m.wikiquote.org/wiki/Poor_Richard%27s_Almanack,1753,"Serving God is Doing Good to Man, but Praying is thought an easier Service, and therefore more generally chosen."
https://en.m.wikiquote.org/wiki/Poor_Richard%27s_Almanack,1753,"Nothing humbler than Ambition, when it is about to climb."
https://en.m.wikiquote.org/wiki/Poor_Richard%27s_Almanack,1753,"Gifts much expected, are paid, not given."
https://en.m.wikiquote.org/wiki/Poor_Richard%27s_Almanack,1754,"The first Degree of Folly, is to conceit one’s self wise; the second to profess it; the third to despise Counsel."
https://en.m.wikiquote.org/wiki/Poor_Richard%27s_Almanack,1754,"Take heed of the Vinegar of sweet Wine, and the Anger of Good-nature."
https://en.m.wikiquote.org/wiki/Poor_Richard%27s_Almanack,1754,"Cut the Wings of your Hens and Hopes, lest they lead you a weary Dance after them."
https://en.m.wikiquote.org/wiki/Poor_Richard%27s_Almanack,1754,The Cat in Gloves catches no Mice.
https://en.m.wikiquote.org/wiki/Poor_Richard%27s_Almanack,1754,"In Rivers and bad Governments, the lightest Things swim at top."
https://en.m.wikiquote.org/wiki/Poor_Richard%27s_Almanack,1754,"If you'd know the Value of Money, go and borrow some."
https://en.m.wikiquote.org/wiki/Poor_Richard%27s_Almanack,1754,"The horse thinks one thing, and he that saddles him another."
https://en.m.wikiquote.org/wiki/Poor_Richard%27s_Almanack,1754,Love thy Neighbor; yet don't pull down your Hedge.
https://en.m.wikiquote.org/wiki/Poor_Richard%27s_Almanack,1754,"In the Affairs of this World Men are saved, not by Faith, but by the Want of it."
https://en.m.wikiquote.org/wiki/Poor_Richard%27s_Almanack,1754,"Friendship cannot live with Ceremony, nor without Civility."
https://en.m.wikiquote.org/wiki/Poor_Richard%27s_Almanack,1754,The learned Fool writes his Nonsense in better Language than the unlearned; but still 'tis Nonsense.
https://en.m.wikiquote.org/wiki/Poor_Richard%27s_Almanack,1754,A Child thinks 20 Shillings and 20 Years can scarce ever be spent.
https://en.m.wikiquote.org/wiki/Poor_Richard%27s_Almanack,1754,"You may give a Man an Office, but you cannot give him Discretion."
https://en.m.wikiquote.org/wiki/Poor_Richard%27s_Almanack,1754,"He that doth what he should not, shall feel what he would not."
https://en.m.wikiquote.org/wiki/Poor_Richard%27s_Almanack,1754,Little Rogues easily become great Ones.
https://en.m.wikiquote.org/wiki/Poor_Richard%27s_Almanack,1754,"You may sometimes be much in the wrong, in owning your being in the right."
https://en.m.wikiquote.org/wiki/Poor_Richard%27s_Almanack,1754,Friends are the true Sceptres of Princes.
https://en.m.wikiquote.org/wiki/Poor_Richard%27s_Almanack,1754,"Where Sense is wanting, every thing is wanting."
https://en.m.wikiquote.org/wiki/Poor_Richard%27s_Almanack,1754,"For Age and Want save while you may, No Morning Sun lasts a whole Day."
https://en.m.wikiquote.org/wiki/Poor_Richard%27s_Almanack,1754,"Many Princes sin with David, but few repent with him."
https://en.m.wikiquote.org/wiki/Poor_Richard%27s_Almanack,1754,He that hath no ill Fortune will be troubled with good.
https://en.m.wikiquote.org/wiki/Poor_Richard%27s_Almanack,1755,"A Man without a Wife, is but half a Man."
https://en.m.wikiquote.org/wiki/Poor_Richard%27s_Almanack,1755,"Speak little, do much."
https://en.m.wikiquote.org/wiki/Poor_Richard%27s_Almanack,1755,"When the Wine enters, out goes the Truth."
https://en.m.wikiquote.org/wiki/Poor_Richard%27s_Almanack,1755,"If you would be loved, love and be lovable."
https://en.m.wikiquote.org/wiki/Poor_Richard%27s_Almanack,1755,"The honest Man takes Pains, and then enjoys Pleasures; the Knave takes Pleasure, and then suffers Pains."
https://en.m.wikiquote.org/wiki/Poor_Richard%27s_Almanack,1755,"Think of three Things, whence you came, where you are going, and to whom you must account."
https://en.m.wikiquote.org/wiki/Poor_Richard%27s_Almanack,1755,There was never a good Knife made of bad Steel.
https://en.m.wikiquote.org/wiki/Poor_Richard%27s_Almanack,1755,"The Wolf sheds his Coat once a Year, his Disposition never."
https://en.m.wikiquote.org/wiki/Poor_Richard%27s_Almanack,1755,Who is wise? He that learns from every One. Who is powerful? He that governs his Passions. Who is rich? He that is content. Who is that? Nobody.
https://en.m.wikiquote.org/wiki/Poor_Richard%27s_Almanack,1755,"The Day is short, the Work great, the Workmen lazy, the Wages high, the Master urgeth; Up, then, and be doing."
https://en.m.wikiquote.org/wiki/Poor_Richard%27s_Almanack,1755,The Doors of Wisdom are never shut.
https://en.m.wikiquote.org/wiki/Poor_Richard%27s_Almanack,1755,"Much Virtue in Herbs, little in Men."
https://en.m.wikiquote.org/wiki/Poor_Richard%27s_Almanack,1755,"When you taste Honey, remember Gall."
https://en.m.wikiquote.org/wiki/Poor_Richard%27s_Almanack,1755,"Being ignorant is not so much a Shame, as being unwilling to learn."
https://en.m.wikiquote.org/wiki/Poor_Richard%27s_Almanack,1755,God gives all Things to Industry.
https://en.m.wikiquote.org/wiki/Poor_Richard%27s_Almanack,1755,"Diligence overcomes Difficulties, Sloth makes them."
https://en.m.wikiquote.org/wiki/Poor_Richard%27s_Almanack,1755,"Neglect mending a small Fault, and 'twill soon be a great one."
https://en.m.wikiquote.org/wiki/Poor_Richard%27s_Almanack,1755,"A long Life may not be good enough, but a good Life is long enough."
https://en.m.wikiquote.org/wiki/Poor_Richard%27s_Almanack,1755,"Be at War with your Vices, at Peace with your Neighbours, and let every New Year find you a better Man."
https://en.m.wikiquote.org/wiki/Poor_Richard%27s_Almanack,1756,"Love your Enemies, for they tell you your Faults."
https://en.m.wikiquote.org/wiki/Poor_Richard%27s_Almanack,1756,"Vain-Glory flowereth, but beareth no Fruit."
https://en.m.wikiquote.org/wiki/Poor_Richard%27s_Almanack,1756,"Laws too gentle are seldom obeyed; too severe, seldom executed."
https://en.m.wikiquote.org/wiki/Poor_Richard%27s_Almanack,1756,"Love, and be loved."
https://en.m.wikiquote.org/wiki/Poor_Richard%27s_Almanack,1756,"A wise Man will desire no more, than what he may get justly, use soberly, distribute cheerfully, and leave contentedly."
https://en.m.wikiquote.org/wiki/Poor_Richard%27s_Almanack,1756,"A false Friend and a Shadow, attend only while the sun shines."
https://en.m.wikiquote.org/wiki/Poor_Richard%27s_Almanack,1756,"To-morrow, every fault is to be amended; but that To-morrow never comes."
https://en.m.wikiquote.org/wiki/Poor_Richard%27s_Almanack,1756,"Plough deep, while Sluggards sleep; And you shall have Corn, to sell and to keep."
https://en.m.wikiquote.org/wiki/Poor_Richard%27s_Almanack,1756,"He that sows Thorns, should never go barefoot."
https://en.m.wikiquote.org/wiki/Poor_Richard%27s_Almanack,1756,"Laziness travels so slowly, that Poverty soon overtakes him."
https://en.m.wikiquote.org/wiki/Poor_Richard%27s_Almanack,1756,"Sampson with his strong Body, had a weak Head, or he would not have laid it in a Harlot's Lap."
https://en.m.wikiquote.org/wiki/Poor_Richard%27s_Almanack,1756,"To be proud of Knowledge, is to be blind with Light; to be proud of Virtue, is to poison yourself with the Antidote."
https://en.m.wikiquote.org/wiki/Poor_Richard%27s_Almanack,1756,"Get what you can, and what you get, hold; 'Tis the Stone that will turn all your Lead into Gold."
https://en.m.wikiquote.org/wiki/Poor_Richard%27s_Almanack,1756,"An honest Man will receive neither Money nor Praise, that is not his Due."
https://en.m.wikiquote.org/wiki/Poor_Richard%27s_Almanack,1756,"Saying and Doing, have quarrel'd and parted."
https://en.m.wikiquote.org/wiki/Poor_Richard%27s_Almanack,1756,"Tell me my Faults, and mend your own."
https://en.m.wikiquote.org/wiki/Poor_Richard%27s_Almanack,1757,Many a Man's own Tongue gives Evidence against his Understanding.
https://en.m.wikiquote.org/wiki/Poor_Richard%27s_Almanack,1757,"Anger warms the Invention, but overheats the Oven."
https://en.m.wikiquote.org/wiki/Poor_Richard%27s_Almanack,1757,"It is Ill-Manners to silence a Fool, and Cruelty to let him go on."
https://en.m.wikiquote.org/wiki/Poor_Richard%27s_Almanack,1757,Men take more pains to mask than mend.
https://en.m.wikiquote.org/wiki/Poor_Richard%27s_Almanack,1757,One To-day is worth two To-morrows.
https://en.m.wikiquote.org/wiki/Poor_Richard%27s_Almanack,1757,The way to be safe is never to be secure.
https://en.m.wikiquote.org/wiki/Poor_Richard%27s_Almanack,1757,Dally not with other Folks Women or Money.
https://en.m.wikiquote.org/wiki/Poor_Richard%27s_Almanack,1757,"Work as if you were to live 100 years, Pray as if you were to die To-morrow."
https://en.m.wikiquote.org/wiki/Poor_Richard%27s_Almanack,1757,"Pride breakfasted with Plenty, dined with Poverty, supped with Infamy."
https://en.m.wikiquote.org/wiki/Poor_Richard%27s_Almanack,1757,"Act uprightly, and despise Calumny; Dirt may stick to a Mud Wall, but not to polish'd Marble."
https://en.m.wikiquote.org/wiki/Poor_Richard%27s_Almanack,1757,"The Tongue offends, and the Ears get the Cuffing."
https://en.m.wikiquote.org/wiki/Poor_Richard%27s_Almanack,1757,God helps them that help themselves.
https://en.m.wikiquote.org/wiki/Poor_Richard%27s_Almanack,1757,"Dost thou love life? Then do not squander time, for that is the stuff life is made of."
https://en.m.wikiquote.org/wiki/Poor_Richard%27s_Almanack,1757,"Early to bed and early to rise, Makes a man healthy, wealthy, and wise."
https://en.m.wikiquote.org/wiki/Poor_Richard%27s_Almanack,1757,Plough deep while sluggards sleep.
https://en.m.wikiquote.org/wiki/Poor_Richard%27s_Almanack,1757,Never leave that till to-morrow which you can do to-day.
https://en.m.wikiquote.org/wiki/Poor_Richard%27s_Almanack,1757,Three removes are as bad as a fire.
https://en.m.wikiquote.org/wiki/Poor_Richard%27s_Almanack,1757,Little strokes fell great oaks.
https://en.m.wikiquote.org/wiki/Poor_Richard%27s_Almanack,1757,A little neglect may breed mischief: for want of a nail the shoe was lost; for want of a shoe the horse was lost; and for want of a horse the rider was lost.
https://en.m.wikiquote.org/wiki/Poor_Richard%27s_Almanack,1757,He that goes a borrowing goes a sorrowing.
https://en.m.wikiquote.org/wiki/Poor_Richard%27s_Almanack,1757,"A man may, if he knows not how to save as he gets, keep his nose to the grindstone."
https://en.m.wikiquote.org/wiki/Poor_Richard%27s_Almanack,1757,"Vessels large may venture more, But little boats should keep near shore."
https://en.m.wikiquote.org/wiki/Poor_Richard%27s_Almanack,1757,It is hard for an empty bag to stand upright.
https://en.m.wikiquote.org/wiki/Poor_Richard%27s_Almanack,1757,"Experience keeps a dear school, but fools will learn in no other."
https://en.m.wikiquote.org/wiki/Poor_Richard%27s_Almanack,1758,"Sloth, like Rust, consumes faster than Labour wears, while the used Key is always bright."
https://en.m.wikiquote.org/wiki/Poor_Richard%27s_Almanack,1758,"Dost thou love Life, then do not squander Time, for that's the Stuff Life is made of."
https://en.m.wikiquote.org/wiki/Poor_Richard%27s_Almanack,1758,There will be sleeping enough in the Grave.
https://en.m.wikiquote.org/wiki/Poor_Richard%27s_Almanack,1758,"Lost Time is never found again; and what we call Time-enough, always proves little enough: Let us then up and be doing, and doing to the Purpose; so by Diligence shall we do more with less Perplexity. Sloth makes all Things difficult, but Industry all easy"
https://en.m.wikiquote.org/wiki/Poor_Richard%27s_Almanack,1758,"Early to Bed, and early to Rise, makes a Man healthy, wealthy, and wise."
https://en.m.wikiquote.org/wiki/Poor_Richard%27s_Almanack,1758,He that lives upon Hope will die fasting.
https://en.m.wikiquote.org/wiki/Poor_Richard%27s_Almanack,1758,"Plough deep, while Sluggards sleep, and you shall have Corn to sell and keep."
https://en.m.wikiquote.org/wiki/Poor_Richard%27s_Almanack,1758,Want of Care does us more Damage than Want of Knowledge.
https://en.m.wikiquote.org/wiki/Poor_Richard%27s_Almanack,1758,"For want of a Nail the Shoe was lost; for want of a Shoe the Horse was lost; and for want of a Horse the Rider was lost, being overtaken and slain by the Enemy, all for want of Care about a Horse-shoe Nail."
https://en.m.wikiquote.org/wiki/Poor_Richard%27s_Almanack,1758,"Away then, with your expensive follies, and you will not have then so much reason to complain of hard times, heavy taxes, and chargeable families."
https://en.m.wikiquote.org/wiki/Poor_Richard%27s_Almanack,1758,Pride that dines on Vanity sups on Contempt.
https://en.m.wikiquote.org/wiki/Poor_Richard%27s_Almanack,1758,"When you have got the Philosopher's Stone, sure you will no longer complain of bad Times, or the Difficulty of paying Taxes."
https://en.m.wikiquote.org/wiki/Poor_Richard%27s_Almanack,1758,"Experience keeps a dear School, but Fools will learn in no other, and scarce in that."
https://en.m.wikiquote.org/wiki/Poor_Richard%27s_Almanack,1758,"They that won't be counselled, can't be helped."
https://en.m.wikiquote.org/wiki/Poor_Richard%27s_Almanack,1758,"When you're an Anvil, hold you still; When you're a Hammer, strike your Fill."
https://en.m.wikiquote.org/wiki/Poor_Richard%27s_Almanack,1758,"When Knaves betray each other, one can scarce be blamed, or the other pitied."
https://en.m.wikiquote.org/wiki/Poor_Richard%27s_Almanack,1758,"Fools need Advice most, but wise Men only are the better for it."
https://en.m.wikiquote.org/wiki/Poor_Richard%27s_Almanack,1758,"Silence is not always a Sign of Wisdom, but Babbling is ever a Mark of Folly."
https://en.m.wikiquote.org/wiki/Poor_Richard%27s_Almanack,1758,Great Modesty often hides great Merit.
https://en.m.wikiquote.org/wiki/Poor_Richard%27s_Almanack,1758,"You may delay, but Time will not."
https://en.m.wikiquote.org/wiki/Poor_Richard%27s_Almanack,1758,"Virtue may not always make a Face handsome, but Vice will certainly make it ugly."
https://en.m.wikiquote.org/wiki/Poor_Richard%27s_Almanack,1758,"Content is the Philosopher's Stone, that turns all it touches into Gold."
https://en.m.wikiquote.org/wiki/Poor_Richard%27s_Almanack,1758,"He that's content, hath enough; He that complains, has too much."
https://en.m.wikiquote.org/wiki/Poor_Richard%27s_Almanack,1758,Half the Truth is often a great Lie.
https://en.m.wikiquote.org/wiki/Poor_Richard%27s_Almanack,1758,"The first Mistake in publick Business, is the going into it."
https://en.m.wikiquote.org/wiki/Poor_Richard%27s_Almanack,1758,"The Way to see by Faith, is to shut the Eye of Reason: The Morning Daylight appears plainer when you put out your Candle."
https://en.m.wikiquote.org/wiki/Poor_Richard%27s_Almanack,1758,"Good-Will, like the Wind, floweth where it listeth."
https://en.m.wikiquote.org/wiki/Poor_Richard%27s_Almanack,1758,"In a corrupt Age, the putting the World in order would breed Confusion; then e'en mind your own Business."
https://en.m.wikiquote.org/wiki/Poor_Richard%27s_Almanack,1758,"To serve the Publick faithfully, and at the same time please it entirely, is impracticable."
https://en.m.wikiquote.org/wiki/Poor_Richard%27s_Almanack,1758,"Rob not God, nor the Poor, lest thou ruin thyself; the Eagle snatcht a Coal from the Altar, but it fired her Nest."
https://en.m.wikiquote.org/wiki/Poor_Richard%27s_Almanack,1758,"With bounteous Cheer, Conclude the Year."
